<?xml version="1.0" encoding="UTF-8"?>
<GenRun Id="impl_1" LaunchPart="xc7a100tcsg324-1" LaunchTime="1544470837">
  <File Type="ROUTE-PWR" Name="vga_top_power_routed.rpt"/>
  <File Type="PA-TCL" Name="vga_top.tcl"/>
  <File Type="BITSTR-BMM" Name="vga_top_bd.bmm"/>
  <File Type="ROUTE-PWR-SUM" Name="vga_top_power_summary_routed.pb"/>
  <File Type="REPORTS-TCL" Name="vga_top_reports.tcl"/>
  <File Type="OPT-DCP" Name="vga_top_opt.dcp"/>
  <File Type="OPT-DRC" Name="vga_top_drc_opted.rpt"/>
  <File Type="OPT-HWDEF" Name="vga_top.hwdef"/>
  <File Type="PWROPT-DCP" Name="vga_top_pwropt.dcp"/>
  <File Type="PLACE-DCP" Name="vga_top_placed.dcp"/>
  <File Type="PLACE-IO" Name="vga_top_io_placed.rpt"/>
  <File Type="PLACE-UTIL" Name="vga_top_utilization_placed.rpt"/>
  <File Type="PLACE-UTIL-PB" Name="vga_top_utilization_placed.pb"/>
  <File Type="PLACE-CTRL" Name="vga_top_control_sets_placed.rpt"/>
  <File Type="PLACE-PRE-SIMILARITY" Name="vga_top_incremental_reuse_pre_placed.rpt"/>
  <File Type="BG-BGN" Name="vga_top.bgn"/>
  <File Type="POSTPLACE-PWROPT-DCP" Name="vga_top_postplace_pwropt.dcp"/>
  <File Type="BG-BIN" Name="vga_top.bin"/>
  <File Type="PHYSOPT-DCP" Name="vga_top_physopt.dcp"/>
  <File Type="BITSTR-MSK" Name="vga_top.msk"/>
  <File Type="ROUTE-ERROR-DCP" Name="vga_top_routed_error.dcp"/>
  <File Type="ROUTE-DCP" Name="vga_top_routed.dcp"/>
  <File Type="ROUTE-BLACKBOX-DCP" Name="vga_top_routed_bb.dcp"/>
  <File Type="ROUTE-DRC" Name="vga_top_drc_routed.rpt"/>
  <File Type="ROUTE-DRC-PB" Name="vga_top_drc_routed.pb"/>
  <File Type="ROUTE-DRC-RPX" Name="vga_top_drc_routed.rpx"/>
  <File Type="BITSTR-LTX" Name="vga_top.ltx"/>
  <File Type="ROUTE-METHODOLOGY-DRC" Name="vga_top_methodology_drc_routed.rpt"/>
  <File Type="BITSTR-MMI" Name="vga_top.mmi"/>
  <File Type="ROUTE-METHODOLOGY-DRC-RPX" Name="vga_top_methodology_drc_routed.rpx"/>
  <File Type="ROUTE-METHODOLOGY-DRC-PB" Name="vga_top_methodology_drc_routed.pb"/>
  <File Type="BITSTR-SYSDEF" Name="vga_top.sysdef"/>
  <File Type="ROUTE-PWR-RPX" Name="vga_top_power_routed.rpx"/>
  <File Type="ROUTE-STATUS" Name="vga_top_route_status.rpt"/>
  <File Type="ROUTE-STATUS-PB" Name="vga_top_route_status.pb"/>
  <File Type="ROUTE-TIMINGSUMMARY" Name="vga_top_timing_summary_routed.rpt"/>
  <File Type="ROUTE-TIMING-PB" Name="vga_top_timing_summary_routed.pb"/>
  <File Type="ROUTE-TIMING-RPX" Name="vga_top_timing_summary_routed.rpx"/>
  <File Type="ROUTE-CLK" Name="vga_top_clock_utilization_routed.rpt"/>
  <File Type="ROUTE-BUS-SKEW" Name="vga_top_bus_skew_routed.rpt"/>
  <File Type="ROUTE-BUS-SKEW-PB" Name="vga_top_bus_skew_routed.pb"/>
  <File Type="ROUTE-BUS-SKEW-RPX" Name="vga_top_bus_skew_routed.rpx"/>
  <File Type="POSTROUTE-PHYSOPT-DCP" Name="vga_top_postroute_physopt.dcp"/>
  <File Type="POSTROUTE-PHYSOPT-BLACKBOX-DCP" Name="vga_top_postroute_physopt_bb.dcp"/>
  <File Type="BG-BIT" Name="vga_top.bit"/>
  <File Type="BITSTR-RBT" Name="vga_top.rbt"/>
  <File Type="BITSTR-NKY" Name="vga_top.nky"/>
  <File Type="BG-DRC" Name="vga_top.drc"/>
  <File Type="RDI-RDI" Name="vga_top.vdi"/>
  <File Type="WBT-USG" Name="usage_statistics_webtalk.html"/>
  <FileSet Name="sources" Type="DesignSrcs" RelSrcDir="$PSRCDIR/sources_1">
    <Filter Type="Srcs"/>
    <File Path="$PSRCDIR/sources_1/new/comparator.vhd">
      <FileInfo>
        <Attr Name="UsedIn" Val="synthesis"/>
        <Attr Name="UsedIn" Val="simulation"/>
      </FileInfo>
    </File>
    <File Path="//cs1/2020/kcunningham20/CS-373-1/New_Final/final/final.srcs/sources_1/new/reg8bit.vhd">
      <FileInfo>
        <Attr Name="UsedIn" Val="synthesis"/>
        <Attr Name="UsedIn" Val="simulation"/>
      </FileInfo>
    </File>
    <File Path="$PSRCDIR/sources_1/new/vga_sync_unit.vhd">
      <FileInfo>
        <Attr Name="UsedIn" Val="synthesis"/>
        <Attr Name="UsedIn" Val="simulation"/>
      </FileInfo>
    </File>
    <File Path="$PSRCDIR/sources_1/new/vga_top.vhd">
      <FileInfo>
        <Attr Name="UsedIn" Val="synthesis"/>
        <Attr Name="UsedIn" Val="simulation"/>
      </FileInfo>
    </File>
    <Config>
      <Option Name="DesignMode" Val="RTL"/>
      <Option Name="TopModule" Val="vga_top"/>
      <Option Name="TopAutoSet" Val="TRUE"/>
    </Config>
  </FileSet>
  <FileSet Name="constrs_in" Type="Constrs" RelSrcDir="$PSRCDIR/constrs_1">
    <Filter Type="Constrs"/>
    <File Path="C:/Users/kcunningham20/Desktop/Nexys4DDR_Master.xdc">
      <FileInfo>
        <Attr Name="UsedIn" Val="synthesis"/>
        <Attr Name="UsedIn" Val="implementation"/>
      </FileInfo>
    </File>
    <Config>
      <Option Name="ConstrsType" Val="XDC"/>
    </Config>
  </FileSet>
  <Strategy Version="1" Minor="2">
    <StratHandle Name="Vivado Implementation Defaults" Flow="Vivado Implementation 2018"/>
    <Step Id="init_design"/>
    <Step Id="opt_design"/>
    <Step Id="power_opt_design"/>
    <Step Id="place_design"/>
    <Step Id="post_place_power_opt_design"/>
    <Step Id="phys_opt_design"/>
    <Step Id="route_design"/>
    <Step Id="post_route_phys_opt_design"/>
    <Step Id="write_bitstream"/>
  </Strategy>
</GenRun>
